trial,testing,parameters,initial_deadline,final_deadline,net_reward,actions,success
1,False,"{'a': 0.5, 'e': 0.5}",25,0,-155.4481553766214,"{0: 15, 1: 2, 2: 4, 3: 2, 4: 2}",0
2,False,"{'a': 0.5, 'e': 0.25}",25,0,-77.68190754540582,"{0: 19, 1: 1, 2: 3, 3: 1, 4: 1}",0
3,False,"{'a': 0.5, 'e': 0.125}",20,7,-36.40673130007333,"{0: 8, 1: 3, 2: 1, 3: 1, 4: 0}",1
4,False,"{'a': 0.5, 'e': 0.0625}",20,0,-176.9757864157028,"{0: 13, 1: 0, 2: 3, 3: 0, 4: 4}",0
5,False,"{'a': 0.5, 'e': 0.03125}",20,5,-22.686430088110388,"{0: 11, 1: 1, 2: 3, 3: 0, 4: 0}",1
6,False,"{'a': 0.5, 'e': 0.015625}",20,0,-50.16664472612158,"{0: 15, 1: 4, 2: 0, 3: 0, 4: 1}",0
7,False,"{'a': 0.5, 'e': 0.0078125}",25,1,-74.50299016833037,"{0: 18, 1: 1, 2: 3, 3: 1, 4: 1}",1
8,False,"{'a': 0.5, 'e': 0.00390625}",25,6,26.061950967438666,"{0: 19, 1: 0, 2: 0, 3: 0, 4: 0}",1
9,False,"{'a': 0.5, 'e': 0.001953125}",25,0,-91.73763797326482,"{0: 20, 1: 0, 2: 2, 3: 1, 4: 2}",0
10,False,"{'a': 0.5, 'e': 0.0009765625}",20,0,-30.2828805178659,"{0: 18, 1: 0, 2: 1, 3: 0, 4: 1}",0
11,False,"{'a': 0.5, 'e': 0.00048828125}",25,0,-0.8521047943164664,"{0: 22, 1: 0, 2: 3, 3: 0, 4: 0}",0
12,False,"{'a': 0.5, 'e': 0.000244140625}",20,0,-39.25447382198415,"{0: 17, 1: 1, 2: 1, 3: 0, 4: 1}",0
13,False,"{'a': 0.5, 'e': 0.0001220703125}",20,0,15.7478648224433,"{0: 19, 1: 0, 2: 1, 3: 0, 4: 0}",0
14,False,"{'a': 0.5, 'e': 6.103515625e-05}",20,12,-38.010644856743454,"{0: 6, 1: 0, 2: 1, 3: 0, 4: 1}",1
15,False,"{'a': 0.5, 'e': 3.0517578125e-05}",25,0,-42.804756802380126,"{0: 22, 1: 1, 2: 0, 3: 1, 4: 1}",0
16,False,"{'a': 0.5, 'e': 1.52587890625e-05}",20,0,19.25639669966767,"{0: 20, 1: 0, 2: 0, 3: 0, 4: 0}",0
17,False,"{'a': 0.5, 'e': 7.62939453125e-06}",30,14,1.9866804661922928,"{0: 15, 1: 0, 2: 0, 3: 1, 4: 0}",1
18,False,"{'a': 0.5, 'e': 3.814697265625e-06}",30,0,-17.625725761364944,"{0: 28, 1: 0, 2: 1, 3: 0, 4: 1}",0
19,False,"{'a': 0.5, 'e': 1.9073486328125e-06}",25,15,-39.169682341763696,"{0: 8, 1: 0, 2: 1, 3: 0, 4: 1}",1
20,False,"{'a': 0.5, 'e': 9.5367431640625e-07}",25,13,16.64095777970738,"{0: 12, 1: 0, 2: 0, 3: 0, 4: 0}",1
1,True,"{'a': 0, 'e': 0}",20,0,-18.09208076662606,"{0: 18, 1: 0, 2: 0, 3: 2, 4: 0}",0
2,True,"{'a': 0, 'e': 0}",30,7,10.77337390613685,"{0: 21, 1: 1, 2: 1, 3: 0, 4: 0}",1
3,True,"{'a': 0, 'e': 0}",20,4,23.498549211244118,"{0: 16, 1: 0, 2: 0, 3: 0, 4: 0}",1
4,True,"{'a': 0, 'e': 0}",20,3,-56.9158240135883,"{0: 13, 1: 1, 2: 1, 3: 1, 4: 1}",1
5,True,"{'a': 0, 'e': 0}",25,15,10.156761078259194,"{0: 9, 1: 1, 2: 0, 3: 0, 4: 0}",1
6,True,"{'a': 0, 'e': 0}",25,0,-35.265685333062024,"{0: 22, 1: 1, 2: 0, 3: 1, 4: 1}",0
7,True,"{'a': 0, 'e': 0}",30,0,-39.56658672845096,"{0: 25, 1: 2, 2: 2, 3: 0, 4: 1}",0
8,True,"{'a': 0, 'e': 0}",20,9,-0.19941716021973743,"{0: 9, 1: 1, 2: 1, 3: 0, 4: 0}",1
9,True,"{'a': 0, 'e': 0}",25,6,-2.2548687696292387,"{0: 17, 1: 0, 2: 1, 3: 1, 4: 0}",1
10,True,"{'a': 0, 'e': 0}",30,16,-100.25859404188398,"{0: 11, 1: 0, 2: 0, 3: 0, 4: 3}",1
11,True,"{'a': 0, 'e': 0}",25,9,-2.248174534953553,"{0: 15, 1: 0, 2: 0, 3: 1, 4: 0}",1
12,True,"{'a': 0, 'e': 0}",20,0,-31.972779795678125,"{0: 18, 1: 0, 2: 1, 3: 0, 4: 1}",0
13,True,"{'a': 0, 'e': 0}",25,0,8.016210893736416,"{0: 22, 1: 2, 2: 1, 3: 0, 4: 0}",0
14,True,"{'a': 0, 'e': 0}",20,0,-98.20835489053147,"{0: 17, 1: 0, 2: 0, 3: 0, 4: 3}",0
15,True,"{'a': 0, 'e': 0}",25,0,-104.06752316815904,"{0: 20, 1: 0, 2: 1, 3: 2, 4: 2}",0
16,True,"{'a': 0, 'e': 0}",25,1,-26.75445985619812,"{0: 22, 1: 0, 2: 1, 3: 0, 4: 1}",1
17,True,"{'a': 0, 'e': 0}",20,0,-26.5229091506439,"{0: 15, 1: 2, 2: 3, 3: 0, 4: 0}",0
18,True,"{'a': 0, 'e': 0}",25,5,-55.91807260655526,"{0: 18, 1: 0, 2: 0, 3: 0, 4: 2}",1
19,True,"{'a': 0, 'e': 0}",30,23,13.838039055842113,"{0: 7, 1: 0, 2: 0, 3: 0, 4: 0}",1
20,True,"{'a': 0, 'e': 0}",25,12,18.220309455834293,"{0: 13, 1: 0, 2: 0, 3: 0, 4: 0}",1
21,True,"{'a': 0, 'e': 0}",25,7,-12.593182405632923,"{0: 17, 1: 0, 2: 0, 3: 0, 4: 1}",1
22,True,"{'a': 0, 'e': 0}",20,0,6.536361208254064,"{0: 19, 1: 0, 2: 0, 3: 1, 4: 0}",0
23,True,"{'a': 0, 'e': 0}",30,21,-0.3643176226007656,"{0: 8, 1: 0, 2: 1, 3: 0, 4: 0}",1
24,True,"{'a': 0, 'e': 0}",25,15,-45.949097578148404,"{0: 8, 1: 0, 2: 0, 3: 1, 4: 1}",1
25,True,"{'a': 0, 'e': 0}",20,0,-106.59763529241363,"{0: 16, 1: 1, 2: 0, 3: 0, 4: 3}",0
26,True,"{'a': 0, 'e': 0}",25,11,-66.7310032729193,"{0: 10, 1: 0, 2: 2, 3: 1, 4: 1}",1
27,True,"{'a': 0, 'e': 0}",30,0,-18.63461936526522,"{0: 28, 1: 1, 2: 0, 3: 0, 4: 1}",0
28,True,"{'a': 0, 'e': 0}",20,0,-74.84889783514447,"{0: 17, 1: 0, 2: 1, 3: 0, 4: 2}",0
29,True,"{'a': 0, 'e': 0}",25,0,-38.93170435518445,"{0: 21, 1: 1, 2: 2, 3: 0, 4: 1}",0
30,True,"{'a': 0, 'e': 0}",25,0,-23.271172598117857,"{0: 21, 1: 0, 2: 3, 3: 1, 4: 0}",0
31,True,"{'a': 0, 'e': 0}",25,17,5.666525975571132,"{0: 7, 1: 1, 2: 0, 3: 0, 4: 0}",1
32,True,"{'a': 0, 'e': 0}",20,0,-51.50060006472566,"{0: 15, 1: 2, 2: 2, 3: 0, 4: 1}",0
33,True,"{'a': 0, 'e': 0}",20,0,-39.35356660243715,"{0: 15, 1: 0, 2: 4, 3: 1, 4: 0}",0
34,True,"{'a': 0, 'e': 0}",25,14,-26.699196829599952,"{0: 10, 1: 0, 2: 0, 3: 0, 4: 1}",1
35,True,"{'a': 0, 'e': 0}",20,4,19.850189995563028,"{0: 16, 1: 0, 2: 0, 3: 0, 4: 0}",1
36,True,"{'a': 0, 'e': 0}",20,7,16.58112888061179,"{0: 13, 1: 0, 2: 0, 3: 0, 4: 0}",1
37,True,"{'a': 0, 'e': 0}",25,5,-6.745818517354056,"{0: 17, 1: 1, 2: 1, 3: 1, 4: 0}",1
38,True,"{'a': 0, 'e': 0}",25,0,-46.06102300355721,"{0: 21, 1: 0, 2: 3, 3: 0, 4: 1}",0
39,True,"{'a': 0, 'e': 0}",20,0,-23.405743854852577,"{0: 18, 1: 0, 2: 1, 3: 0, 4: 1}",0
40,True,"{'a': 0, 'e': 0}",25,9,-82.04006061369165,"{0: 13, 1: 0, 2: 0, 3: 1, 4: 2}",1
41,True,"{'a': 0, 'e': 0}",20,0,-12.5892623191003,"{0: 17, 1: 2, 2: 0, 3: 1, 4: 0}",0
42,True,"{'a': 0, 'e': 0}",20,6,6.0342828952702305,"{0: 13, 1: 0, 2: 1, 3: 0, 4: 0}",1
43,True,"{'a': 0, 'e': 0}",30,0,-100.29415900460363,"{0: 25, 1: 1, 2: 0, 3: 2, 4: 2}",0
44,True,"{'a': 0, 'e': 0}",20,0,-15.833981017959967,"{0: 19, 1: 0, 2: 0, 3: 0, 4: 1}",0
45,True,"{'a': 0, 'e': 0}",35,20,-59.33609736542474,"{0: 13, 1: 0, 2: 0, 3: 0, 4: 2}",1
46,True,"{'a': 0, 'e': 0}",20,3,23.66861800871186,"{0: 17, 1: 0, 2: 0, 3: 0, 4: 0}",1
47,True,"{'a': 0, 'e': 0}",20,0,-43.8050220918395,"{0: 16, 1: 2, 2: 1, 3: 0, 4: 1}",0
48,True,"{'a': 0, 'e': 0}",20,0,-19.67469939042912,"{0: 19, 1: 0, 2: 0, 3: 0, 4: 1}",0
49,True,"{'a': 0, 'e': 0}",20,6,-33.14017096408665,"{0: 12, 1: 0, 2: 1, 3: 0, 4: 1}",1
50,True,"{'a': 0, 'e': 0}",30,18,-3.062729124700158,"{0: 11, 1: 0, 2: 0, 3: 1, 4: 0}",1
51,True,"{'a': 0, 'e': 0}",25,2,-47.933423130839515,"{0: 19, 1: 2, 2: 0, 3: 1, 4: 1}",1
52,True,"{'a': 0, 'e': 0}",25,0,-80.86239188683479,"{0: 21, 1: 0, 2: 1, 3: 1, 4: 2}",0
53,True,"{'a': 0, 'e': 0}",25,9,-1.1054980459500356,"{0: 14, 1: 0, 2: 2, 3: 0, 4: 0}",1
54,True,"{'a': 0, 'e': 0}",20,0,-100.21998792292784,"{0: 15, 1: 1, 2: 1, 3: 1, 4: 2}",0
55,True,"{'a': 0, 'e': 0}",20,1,-71.20495788348444,"{0: 15, 1: 1, 2: 0, 3: 2, 4: 1}",1
56,True,"{'a': 0, 'e': 0}",20,7,-16.207635901340275,"{0: 11, 1: 0, 2: 1, 3: 1, 4: 0}",1
57,True,"{'a': 0, 'e': 0}",30,10,-77.84329771891292,"{0: 15, 1: 2, 2: 1, 3: 0, 4: 2}",1
58,True,"{'a': 0, 'e': 0}",25,0,-0.0847329427934298,"{0: 23, 1: 1, 2: 0, 3: 1, 4: 0}",0
59,True,"{'a': 0, 'e': 0}",35,0,-108.01378099213277,"{0: 27, 1: 3, 2: 2, 3: 1, 4: 2}",0
60,True,"{'a': 0, 'e': 0}",30,0,-52.464298316896304,"{0: 24, 1: 3, 2: 2, 3: 0, 4: 1}",0
61,True,"{'a': 0, 'e': 0}",25,0,-60.51249723622266,"{0: 22, 1: 1, 2: 0, 3: 0, 4: 2}",1
62,True,"{'a': 0, 'e': 0}",20,0,-17.70260267600113,"{0: 19, 1: 0, 2: 0, 3: 0, 4: 1}",0
63,True,"{'a': 0, 'e': 0}",25,0,3.314385005426143,"{0: 23, 1: 1, 2: 0, 3: 1, 4: 0}",0
64,True,"{'a': 0, 'e': 0}",20,2,-112.27140470043805,"{0: 14, 1: 0, 2: 1, 3: 0, 4: 3}",1
65,True,"{'a': 0, 'e': 0}",20,0,-25.540541421953897,"{0: 18, 1: 0, 2: 1, 3: 0, 4: 1}",0
66,True,"{'a': 0, 'e': 0}",20,13,-17.045359730330247,"{0: 4, 1: 1, 2: 2, 3: 0, 4: 0}",1
67,True,"{'a': 0, 'e': 0}",20,4,7.631528198587503,"{0: 15, 1: 0, 2: 1, 3: 0, 4: 0}",1
68,True,"{'a': 0, 'e': 0}",20,0,-119.44831475586791,"{0: 13, 1: 2, 2: 2, 3: 1, 4: 2}",0
69,True,"{'a': 0, 'e': 0}",25,13,-8.246862272995564,"{0: 10, 1: 1, 2: 0, 3: 1, 4: 0}",1
70,True,"{'a': 0, 'e': 0}",25,10,-49.67201383697015,"{0: 12, 1: 0, 2: 1, 3: 1, 4: 1}",1
71,True,"{'a': 0, 'e': 0}",30,3,16.951964270608133,"{0: 25, 1: 1, 2: 1, 3: 0, 4: 0}",1
72,True,"{'a': 0, 'e': 0}",30,0,-74.24528220063439,"{0: 25, 1: 0, 2: 2, 3: 2, 4: 1}",0
73,True,"{'a': 0, 'e': 0}",20,6,-31.199864413051397,"{0: 11, 1: 2, 2: 0, 3: 0, 4: 1}",1
74,True,"{'a': 0, 'e': 0}",25,0,-20.074436142842647,"{0: 22, 1: 1, 2: 0, 3: 2, 4: 0}",0
75,True,"{'a': 0, 'e': 0}",20,0,-19.122426217126236,"{0: 19, 1: 0, 2: 0, 3: 0, 4: 1}",0
76,True,"{'a': 0, 'e': 0}",30,0,-44.10952069892969,"{0: 26, 1: 0, 2: 3, 3: 0, 4: 1}",0
77,True,"{'a': 0, 'e': 0}",20,0,-81.65515057477317,"{0: 15, 1: 1, 2: 2, 3: 0, 4: 2}",0
78,True,"{'a': 0, 'e': 0}",30,18,19.238591867058652,"{0: 12, 1: 0, 2: 0, 3: 0, 4: 0}",1
79,True,"{'a': 0, 'e': 0}",25,5,-19.818579600923695,"{0: 18, 1: 0, 2: 1, 3: 0, 4: 1}",1
80,True,"{'a': 0, 'e': 0}",25,0,17.178549200159274,"{0: 23, 1: 2, 2: 0, 3: 0, 4: 0}",0
81,True,"{'a': 0, 'e': 0}",20,0,-70.81272908060522,"{0: 16, 1: 2, 2: 0, 3: 0, 4: 2}",0
82,True,"{'a': 0, 'e': 0}",25,0,-108.18881289907927,"{0: 20, 1: 0, 2: 1, 3: 2, 4: 2}",0
83,True,"{'a': 0, 'e': 0}",20,9,18.735903396564193,"{0: 11, 1: 0, 2: 0, 3: 0, 4: 0}",1
84,True,"{'a': 0, 'e': 0}",20,0,16.045160875275386,"{0: 20, 1: 0, 2: 0, 3: 0, 4: 0}",0
85,True,"{'a': 0, 'e': 0}",25,7,12.354713965422734,"{0: 17, 1: 0, 2: 1, 3: 0, 4: 0}",1
86,True,"{'a': 0, 'e': 0}",25,0,-52.19891233112149,"{0: 23, 1: 0, 2: 0, 3: 0, 4: 2}",0
87,True,"{'a': 0, 'e': 0}",25,1,17.38087098844848,"{0: 22, 1: 2, 2: 0, 3: 0, 4: 0}",1
88,True,"{'a': 0, 'e': 0}",25,0,-73.13768570478362,"{0: 21, 1: 0, 2: 2, 3: 0, 4: 2}",0
89,True,"{'a': 0, 'e': 0}",30,0,-18.83192462308119,"{0: 25, 1: 2, 2: 2, 3: 1, 4: 0}",0
90,True,"{'a': 0, 'e': 0}",25,0,15.870416636998517,"{0: 23, 1: 1, 2: 1, 3: 0, 4: 0}",0
91,True,"{'a': 0, 'e': 0}",20,3,19.459311424744133,"{0: 17, 1: 0, 2: 0, 3: 0, 4: 0}",1
92,True,"{'a': 0, 'e': 0}",20,0,-25.178233047169453,"{0: 17, 1: 1, 2: 0, 3: 2, 4: 0}",0
93,True,"{'a': 0, 'e': 0}",20,0,-32.427772755630265,"{0: 18, 1: 0, 2: 1, 3: 0, 4: 1}",0
94,True,"{'a': 0, 'e': 0}",20,0,-50.99142819008859,"{0: 16, 1: 1, 2: 1, 3: 1, 4: 1}",0
95,True,"{'a': 0, 'e': 0}",20,0,-59.338790274179864,"{0: 18, 1: 0, 2: 0, 3: 0, 4: 2}",0
96,True,"{'a': 0, 'e': 0}",25,0,-23.815465667469784,"{0: 21, 1: 2, 2: 1, 3: 1, 4: 0}",0
97,True,"{'a': 0, 'e': 0}",20,0,20.937317260109843,"{0: 20, 1: 0, 2: 0, 3: 0, 4: 0}",0
98,True,"{'a': 0, 'e': 0}",30,15,7.91422763365791,"{0: 13, 1: 2, 2: 0, 3: 0, 4: 0}",1
99,True,"{'a': 0, 'e': 0}",20,0,-9.915095171623761,"{0: 16, 1: 3, 2: 1, 3: 0, 4: 0}",0
100,True,"{'a': 0, 'e': 0}",20,0,2.6200899152361767,"{0: 18, 1: 1, 2: 1, 3: 0, 4: 0}",0
101,True,"{'a': 0, 'e': 0}",20,0,-18.19555833524005,"{0: 18, 1: 1, 2: 0, 3: 0, 4: 1}",0
102,True,"{'a': 0, 'e': 0}",20,0,15.780159443795792,"{0: 19, 1: 0, 2: 1, 3: 0, 4: 0}",0
103,True,"{'a': 0, 'e': 0}",20,10,-0.6215599623127175,"{0: 9, 1: 0, 2: 1, 3: 0, 4: 0}",1
104,True,"{'a': 0, 'e': 0}",25,0,-43.29630466547882,"{0: 22, 1: 1, 2: 0, 3: 1, 4: 1}",0
105,True,"{'a': 0, 'e': 0}",25,9,-18.012105334402015,"{0: 15, 1: 0, 2: 0, 3: 0, 4: 1}",1
106,True,"{'a': 0, 'e': 0}",25,0,-109.28561089674291,"{0: 19, 1: 1, 2: 2, 3: 1, 4: 2}",0
107,True,"{'a': 0, 'e': 0}",35,14,26.554220791360162,"{0: 20, 1: 1, 2: 0, 3: 0, 4: 0}",1
108,True,"{'a': 0, 'e': 0}",30,0,-73.7611010409291,"{0: 27, 1: 0, 2: 0, 3: 1, 4: 2}",0
109,True,"{'a': 0, 'e': 0}",25,0,-35.392249495550026,"{0: 21, 1: 2, 2: 1, 3: 0, 4: 1}",1
110,True,"{'a': 0, 'e': 0}",25,7,-5.9500006738818545,"{0: 16, 1: 0, 2: 1, 3: 1, 4: 0}",1
111,True,"{'a': 0, 'e': 0}",20,6,6.263517279338084,"{0: 13, 1: 0, 2: 1, 3: 0, 4: 0}",1
112,True,"{'a': 0, 'e': 0}",25,0,-74.50066242753282,"{0: 21, 1: 0, 2: 2, 3: 0, 4: 2}",0
113,True,"{'a': 0, 'e': 0}",25,0,-22.134739659154825,"{0: 23, 1: 0, 2: 1, 3: 0, 4: 1}",0
114,True,"{'a': 0, 'e': 0}",20,0,-66.23210668788215,"{0: 15, 1: 1, 2: 2, 3: 1, 4: 1}",0
115,True,"{'a': 0, 'e': 0}",25,2,-11.895244298432068,"{0: 22, 1: 0, 2: 0, 3: 0, 4: 1}",1
116,True,"{'a': 0, 'e': 0}",20,6,-11.849309115149795,"{0: 11, 1: 0, 2: 3, 3: 0, 4: 0}",1
117,True,"{'a': 0, 'e': 0}",30,0,-50.79965520567952,"{0: 27, 1: 1, 2: 0, 3: 0, 4: 2}",0
118,True,"{'a': 0, 'e': 0}",35,15,-23.10262304249998,"{0: 18, 1: 1, 2: 0, 3: 0, 4: 1}",1
119,True,"{'a': 0, 'e': 0}",20,0,-55.80156310412285,"{0: 16, 1: 1, 2: 1, 3: 1, 4: 1}",0
120,True,"{'a': 0, 'e': 0}",25,2,-35.73563817644617,"{0: 19, 1: 1, 2: 2, 3: 0, 4: 1}",1
121,True,"{'a': 0, 'e': 0}",20,14,-1.4321466350116079,"{0: 5, 1: 0, 2: 1, 3: 0, 4: 0}",1
122,True,"{'a': 0, 'e': 0}",20,0,-47.89961659371319,"{0: 17, 1: 0, 2: 1, 3: 1, 4: 1}",0
123,True,"{'a': 0, 'e': 0}",35,23,20.605722950789225,"{0: 12, 1: 0, 2: 0, 3: 0, 4: 0}",1
124,True,"{'a': 0, 'e': 0}",20,8,6.952357829798811,"{0: 11, 1: 0, 2: 1, 3: 0, 4: 0}",1
125,True,"{'a': 0, 'e': 0}",20,0,-0.32069301749479173,"{0: 18, 1: 1, 2: 1, 3: 0, 4: 0}",0
126,True,"{'a': 0, 'e': 0}",25,0,-35.22132918010544,"{0: 21, 1: 0, 2: 2, 3: 2, 4: 0}",0
127,True,"{'a': 0, 'e': 0}",25,5,-77.98407597842929,"{0: 15, 1: 2, 2: 1, 3: 0, 4: 2}",1
128,True,"{'a': 0, 'e': 0}",20,10,-32.60714144061794,"{0: 8, 1: 1, 2: 0, 3: 0, 4: 1}",1
129,True,"{'a': 0, 'e': 0}",25,11,-19.93999327907418,"{0: 13, 1: 0, 2: 0, 3: 0, 4: 1}",1
130,True,"{'a': 0, 'e': 0}",25,0,-49.13112651047556,"{0: 21, 1: 2, 2: 0, 3: 1, 4: 1}",0
131,True,"{'a': 0, 'e': 0}",20,0,-81.93285546341886,"{0: 17, 1: 0, 2: 0, 3: 1, 4: 2}",0
132,True,"{'a': 0, 'e': 0}",30,0,-5.868143737524782,"{0: 26, 1: 2, 2: 2, 3: 0, 4: 0}",0
133,True,"{'a': 0, 'e': 0}",20,0,-50.0772869045763,"{0: 16, 1: 1, 2: 0, 3: 3, 4: 0}",0
134,True,"{'a': 0, 'e': 0}",20,0,-0.017300875271557103,"{0: 17, 1: 1, 2: 2, 3: 0, 4: 0}",0
135,True,"{'a': 0, 'e': 0}",25,0,-19.436764250077154,"{0: 23, 1: 0, 2: 1, 3: 0, 4: 1}",0
136,True,"{'a': 0, 'e': 0}",25,0,-10.707458757570535,"{0: 23, 1: 0, 2: 0, 3: 2, 4: 0}",0
137,True,"{'a': 0, 'e': 0}",20,0,-41.28294502937005,"{0: 18, 1: 0, 2: 0, 3: 1, 4: 1}",0
138,True,"{'a': 0, 'e': 0}",20,14,-30.95732280429955,"{0: 5, 1: 0, 2: 0, 3: 0, 4: 1}",1
139,True,"{'a': 0, 'e': 0}",20,0,3.2152753935234357,"{0: 19, 1: 0, 2: 0, 3: 1, 4: 0}",0
140,True,"{'a': 0, 'e': 0}",20,0,-101.75195156844919,"{0: 17, 1: 0, 2: 0, 3: 0, 4: 3}",0
141,True,"{'a': 0, 'e': 0}",30,0,-62.28970339812153,"{0: 27, 1: 0, 2: 1, 3: 0, 4: 2}",0
142,True,"{'a': 0, 'e': 0}",20,12,-0.382236184329237,"{0: 7, 1: 0, 2: 1, 3: 0, 4: 0}",1
143,True,"{'a': 0, 'e': 0}",25,14,-8.515881771059423,"{0: 9, 1: 1, 2: 0, 3: 1, 4: 0}",1
144,True,"{'a': 0, 'e': 0}",20,0,-152.68722355824525,"{0: 15, 1: 0, 2: 1, 3: 0, 4: 4}",0
145,True,"{'a': 0, 'e': 0}",25,0,-27.637008920397086,"{0: 19, 1: 3, 2: 3, 3: 0, 4: 0}",0
146,True,"{'a': 0, 'e': 0}",25,8,26.51108404518447,"{0: 17, 1: 0, 2: 0, 3: 0, 4: 0}",1
147,True,"{'a': 0, 'e': 0}",25,6,4.5478805930896735,"{0: 17, 1: 1, 2: 1, 3: 0, 4: 0}",1
148,True,"{'a': 0, 'e': 0}",25,0,-3.39037632031546,"{0: 22, 1: 1, 2: 1, 3: 1, 4: 0}",0
149,True,"{'a': 0, 'e': 0}",25,0,-43.36758851951193,"{0: 20, 1: 0, 2: 3, 3: 2, 4: 0}",0
150,True,"{'a': 0, 'e': 0}",25,0,-49.809610086068325,"{0: 20, 1: 1, 2: 1, 3: 3, 4: 0}",0
151,True,"{'a': 0, 'e': 0}",20,0,-100.52158211058273,"{0: 15, 1: 1, 2: 0, 3: 2, 4: 2}",0
152,True,"{'a': 0, 'e': 0}",25,3,-80.15786556588795,"{0: 15, 1: 0, 2: 6, 3: 0, 4: 1}",1
153,True,"{'a': 0, 'e': 0}",20,0,-60.39048354136441,"{0: 17, 1: 0, 2: 0, 3: 2, 4: 1}",0
154,True,"{'a': 0, 'e': 0}",20,0,-11.972291130912852,"{0: 18, 1: 0, 2: 0, 3: 2, 4: 0}",0
155,True,"{'a': 0, 'e': 0}",20,4,-53.35113730632659,"{0: 13, 1: 0, 2: 1, 3: 1, 4: 1}",1
156,True,"{'a': 0, 'e': 0}",20,0,-77.72619136624057,"{0: 16, 1: 0, 2: 2, 3: 0, 4: 2}",0
157,True,"{'a': 0, 'e': 0}",30,0,-92.41136097912408,"{0: 25, 1: 1, 2: 1, 3: 1, 4: 2}",0
158,True,"{'a': 0, 'e': 0}",20,0,15.78767206549276,"{0: 19, 1: 0, 2: 1, 3: 0, 4: 0}",0
159,True,"{'a': 0, 'e': 0}",30,0,-6.196200201260716,"{0: 29, 1: 0, 2: 0, 3: 0, 4: 1}",0
160,True,"{'a': 0, 'e': 0}",20,1,-101.74106276559453,"{0: 16, 1: 0, 2: 0, 3: 0, 4: 3}",1
161,True,"{'a': 0, 'e': 0}",20,0,-57.87528883122113,"{0: 16, 1: 1, 2: 1, 3: 1, 4: 1}",0
162,True,"{'a': 0, 'e': 0}",25,0,-65.61657633641376,"{0: 22, 1: 1, 2: 0, 3: 0, 4: 2}",0
163,True,"{'a': 0, 'e': 0}",25,15,12.588749532508553,"{0: 9, 1: 1, 2: 0, 3: 0, 4: 0}",1
164,True,"{'a': 0, 'e': 0}",25,0,-74.15009743147783,"{0: 21, 1: 0, 2: 2, 3: 0, 4: 2}",0
165,True,"{'a': 0, 'e': 0}",20,0,16.706353272155233,"{0: 20, 1: 0, 2: 0, 3: 0, 4: 0}",0
166,True,"{'a': 0, 'e': 0}",20,0,-80.69214537793474,"{0: 15, 1: 3, 2: 0, 3: 0, 4: 2}",0
167,True,"{'a': 0, 'e': 0}",25,1,-12.32293945128061,"{0: 21, 1: 1, 2: 1, 3: 1, 4: 0}",1
168,True,"{'a': 0, 'e': 0}",20,0,-29.302494227539842,"{0: 18, 1: 0, 2: 1, 3: 0, 4: 1}",0
169,True,"{'a': 0, 'e': 0}",20,9,-5.109727499547994,"{0: 8, 1: 2, 2: 1, 3: 0, 4: 0}",1
170,True,"{'a': 0, 'e': 0}",20,9,9.328515821453376,"{0: 10, 1: 1, 2: 0, 3: 0, 4: 0}",1
171,True,"{'a': 0, 'e': 0}",25,0,-77.43534431219229,"{0: 21, 1: 0, 2: 0, 3: 3, 4: 1}",0
172,True,"{'a': 0, 'e': 0}",25,0,-136.72389102355723,"{0: 19, 1: 1, 2: 1, 3: 1, 4: 3}",0
173,True,"{'a': 0, 'e': 0}",20,0,-81.55555398668764,"{0: 15, 1: 1, 2: 1, 3: 2, 4: 1}",0
174,True,"{'a': 0, 'e': 0}",20,0,-89.73356469679301,"{0: 16, 1: 1, 2: 0, 3: 1, 4: 2}",0
175,True,"{'a': 0, 'e': 0}",20,0,-9.838972346809634,"{0: 17, 1: 1, 2: 1, 3: 1, 4: 0}",0
176,True,"{'a': 0, 'e': 0}",20,0,-75.10094580333744,"{0: 16, 1: 1, 2: 1, 3: 0, 4: 2}",1
177,True,"{'a': 0, 'e': 0}",20,0,7.768357039981037,"{0: 18, 1: 1, 2: 1, 3: 0, 4: 0}",0
178,True,"{'a': 0, 'e': 0}",20,8,-41.442586426099794,"{0: 9, 1: 1, 2: 1, 3: 0, 4: 1}",1
179,True,"{'a': 0, 'e': 0}",30,15,-50.24152025725021,"{0: 12, 1: 1, 2: 0, 3: 1, 4: 1}",1
180,True,"{'a': 0, 'e': 0}",30,21,-30.552287931848458,"{0: 8, 1: 0, 2: 0, 3: 0, 4: 1}",1
181,True,"{'a': 0, 'e': 0}",20,0,-28.192655006878237,"{0: 18, 1: 1, 2: 0, 3: 0, 4: 1}",0
182,True,"{'a': 0, 'e': 0}",25,0,-101.92909768822818,"{0: 21, 1: 0, 2: 1, 3: 0, 4: 3}",1
183,True,"{'a': 0, 'e': 0}",20,0,-25.454834491645,"{0: 18, 1: 1, 2: 0, 3: 0, 4: 1}",0
184,True,"{'a': 0, 'e': 0}",20,0,-105.24851966305344,"{0: 14, 1: 2, 2: 1, 3: 1, 4: 2}",0
185,True,"{'a': 0, 'e': 0}",25,8,-23.570644799484796,"{0: 15, 1: 1, 2: 0, 3: 0, 4: 1}",1
186,True,"{'a': 0, 'e': 0}",20,0,-25.34222543353729,"{0: 18, 1: 0, 2: 1, 3: 0, 4: 1}",0
187,True,"{'a': 0, 'e': 0}",25,5,27.163321614118605,"{0: 20, 1: 0, 2: 0, 3: 0, 4: 0}",1
188,True,"{'a': 0, 'e': 0}",25,0,-32.250324180692,"{0: 22, 1: 1, 2: 1, 3: 0, 4: 1}",0
189,True,"{'a': 0, 'e': 0}",25,0,-20.08049498464694,"{0: 22, 1: 0, 2: 2, 3: 1, 4: 0}",0
190,True,"{'a': 0, 'e': 0}",25,3,26.69961872542056,"{0: 22, 1: 0, 2: 0, 3: 0, 4: 0}",1
191,True,"{'a': 0, 'e': 0}",30,0,-67.43862146868823,"{0: 25, 1: 2, 2: 0, 3: 2, 4: 1}",0
192,True,"{'a': 0, 'e': 0}",25,7,-25.078818642176213,"{0: 16, 1: 0, 2: 1, 3: 0, 4: 1}",1
193,True,"{'a': 0, 'e': 0}",25,0,-57.78597170633594,"{0: 22, 1: 0, 2: 0, 3: 2, 4: 1}",0
194,True,"{'a': 0, 'e': 0}",20,0,-123.11930339480125,"{0: 15, 1: 1, 2: 1, 3: 0, 4: 3}",0
195,True,"{'a': 0, 'e': 0}",20,8,7.859414723571,"{0: 11, 1: 1, 2: 0, 3: 0, 4: 0}",1
196,True,"{'a': 0, 'e': 0}",25,14,-15.52540628693295,"{0: 9, 1: 0, 2: 1, 3: 1, 4: 0}",1
197,True,"{'a': 0, 'e': 0}",20,11,-13.11510369289564,"{0: 7, 1: 1, 2: 0, 3: 1, 4: 0}",1
198,True,"{'a': 0, 'e': 0}",30,0,-34.869784210445495,"{0: 26, 1: 1, 2: 2, 3: 0, 4: 1}",0
199,True,"{'a': 0, 'e': 0}",25,0,-111.39076002509454,"{0: 18, 1: 0, 2: 3, 3: 3, 4: 1}",0
200,True,"{'a': 0, 'e': 0}",25,0,-5.466665917604053,"{0: 23, 1: 0, 2: 1, 3: 1, 4: 0}",0
